{
  "project_info": {
    "project_number": "631979184690",
    "project_id": "hostelspg",
    "storage_bucket": "hostelspg.appspot.com"
  },
  "client": [
    {
      "client_info": {
        "mobilesdk_app_id": "1:631979184690:android:01f1f2c245a0b27222e22b",
        "android_client_info": {
          "package_name": "com.example.hostels_pg"
        }
      },
      "oauth_client": [
        {
          "client_id": "631979184690-r3k3hs7ddg3876kp470jod1eeqi99i72.apps.googleusercontent.com",
          "client_type": 1,
          "android_info": {
            "package_name": "com.example.hostels_pg",
            "certificate_hash": "54461a1b4a9780f3bd4e17bc8f61f28ee4c70798"
          }
        },
        {
          "client_id": "631979184690-r20ji4bdbuv9606mlnbs841vm98in575.apps.googleusercontent.com",
          "client_type": 3
        }
      ],
      "api_key": [
        {
          "current_key": "AIzaSyCgjWYCU37aotQz33F5LiVPZga491nYpgo"
        }
      ],
      "services": {
        "appinvite_service": {
          "other_platform_oauth_client": [
            {
              "client_id": "631979184690-r20ji4bdbuv9606mlnbs841vm98in575.apps.googleusercontent.com",
              "client_type": 3
            }
          ]
        }
      }
    }
  ],
  "configuration_version": "1"
}